USE DW;

INSERT into dw.dim_cliente 
	values (10,1352552, 'Alberto Caeiro', 181930065),
    (11, 1516563, 'Nuno Alves', 204526027),
    (12, 1897015, 'Paulo Campos', 285811571),
    (13, 1240215, 'Tomas Ribeiro', 177809280),
	(14, 1511412, 'Mario Ferreira', 154543793),
    (15,1234567, 'Jose Mario',114543793),
    (16,2345678,'Toze Martins',124543793),
    (17,3455678,'Romeu Xisto',134543793),
    (18,5677888,'Rui Rebelo',144543793),
    (19,9866666,'Eliseu Pereira',164543793),
    (20,6777453,'Joao Amador',174543793);
                                  
                                  
INSERT into dw.dim_calendario 
	values('2016-05-20', 6, 5, 2016), 
    ('2016-05-21', 7, 5, 2016), 
    ('2016-05-22', 1, 5, 2016), 
    ('2016-05-23', 2, 5, 2016), 
    ('2016-05-25', 4, 5, 2016),
    ('2016-01-21', 7, 1, 2016), 
    ('2016-01-22', 1, 1, 2016), 
    ('2016-01-23', 2, 1, 2016), 
    ('2016-01-25', 4, 1, 2016),
    ('2016-02-21', 7, 2, 2016), 
    ('2016-02-22', 1, 2, 2016), 
    ('2016-02-23', 2, 2, 2016), 
    ('2016-02-25', 4, 2, 2016),
    ('2016-03-25', 4, 3, 2016),
    ('2016-03-21', 7, 3, 2016), 
    ('2016-04-22', 1, 4, 2016), 
    ('2016-04-23', 2, 4, 2016), 
    ('2016-04-25', 2, 4, 2016),
    ('2016-06-25', 3, 6, 2016),
    ('2016-07-25', 4, 7, 2016),
    ('2016-08-25', 1, 8, 2016),
    ('2016-09-25', 4, 9, 2016),
	('2016-10-25', 3, 10, 2016),
	('2016-11-25', 4, 11, 2016),
    ('2016-12-25', 7, 12, 2016),
    ('2017-01-01',1,1,2017),
	('2017-01-02',2,1,2017),
    ('2017-01-05', 3,1,2017),
	('2017-01-06',3,1,2017),
    ('2017-01-07', 3,1,2017),    
	('2017-01-10',4,1,2017),
    ('2017-01-11', 4,1,2017),
	('2017-01-12',3,1,2017),
    ('2017-01-13', 2,1,2017),
    ('2017-01-15',7,1,2017),
    ('2017-01-26', 7,1,2017),
	('2017-01-27',3,1,2017),
    ('2017-01-28', 3,1,2017), 
    ('2017-02-10',5,2,2017),
    ('2017-02-21', 5,2,2017),
	('2017-02-22',6,2,2017),
    ('2017-02-28', 6,2,2017);

INSERT into DW.tfvenda (ValorPago,QtdAbastecida,Data,DIM_Cliente_id,DIM_Combustivel_id)
	values (19, 20, '2016-05-20', 10, 2), 
    (32.35, 30, '2016-05-20', 10, 3), 
    (5.43, 5, '2016-05-20', 11, 1), 
    (10.34, 10, '2016-05-21', 12, 2),
    (19.30, 20, '2016-05-21', 12, 4),
	(15.54, 15, '2016-05-22', 11, 3), 
    (34.90, 35, '2016-05-22', 13, 4), 
    (51.23, 50, '2016-05-23', 13, 2), 
    (42.43, 40, '2016-05-23', 14, 2), 
    (20.53, 20, '2016-05-25', 13, 2),
	(41.24, 40, '2016-05-25', 14, 2),
    (21.00, 17, '2016-01-21', 17, 1), 
    (15.42, 12,'2016-01-22', 15,2), 
    (22, 20,'2016-01-23', 14,3), 
    (32.32, 30,'2016-01-25', 13, 1),
    (10,6,'2016-02-25', 11, 1),
    (20,19,'2016-02-21', 18,2), 
    (30,28,'2016-02-22', 19,3), 
    (40,34,'2016-02-23', 20,4), 
    (23,21,'2016-02-25', 18,4),
    (25,23,'2016-03-25', 19,4),
    (31,29,'2016-03-21', 20,4), 
    (24,21,'2016-04-22', 13,2), 
    (49.94,47,'2016-04-23', 17,2), 
    (24.30,21,'2016-04-25', 13,3),
    (27,24,'2016-06-03', 18,3),
    (12,10,'2016-06-04', 19,3),
    (17,14,'2016-07-04', 20,4),
    (34,31,'2016-07-12', 12,4),
    (23,20,'2016-07-29', 13,1),
    (28,21,'2016-07-31', 14,2),
    (21,17,'2016-08-05', 20,2),
    (29,25,'2016-08-12', 17,3),
    (36,34,'2016-08-24', 12,3),
    (12.33,10,'2016-09-21', 15,1),
    (19.67,15,'2016-09-24', 11,3),
	(32.42,27,'2016-10-16',18,4),
    (25,21,'2016-10-30', 19,2),  
    (25.60,22,'2016-11-03',20,3),
    (42,35,'2016-11-11', 17,1),
	(11,9,'2016-11-15',18,2),
    (9,7,'2016-12-20', 17,3),
    (30.60,28,'2017-01-01',20,3),
    (42,38,'2017-01-01', 17,1),
	(23,21,'2017-01-02',18,2),
    (20,18,'2017-01-05', 16,3),
    (25.60,23,'2017-01-05',20,3),
    (42,39,'2017-01-06', 16,1),
	(31,29,'2017-01-06',15,4),
    (19,17,'2017-01-07', 15,3),    
	(25.60,22,'2017-01-10',20,4),
    (42,37,'2017-01-11', 17,1),
	(31,29,'2017-01-12',19,2),
    (29,27,'2017-01-13', 19,4),
    (25.60,22,'2017-01-15',14,3),
    (42,39,'2017-01-26', 13,1),
	(11,9,'2017-01-27',12,2),
    (30,18,'2017-01-28', 11,3), 
    (32,29,'2017-02-10',16,4),
    (22,18,'2017-02-21', 14,1),
	(22,20,'2017-02-22',15,2),
    (19,18,'2017-02-28', 16,3)
    ;
                              