use `eurosuper`;
SET SQL_SAFE_UPDATES = 0;

delete from CupaoDesconto;

delete from Venda;
delete from Combustivel;
delete from Cliente;


insert into Combustivel values 
	(1,'Gasolina 95',12,100000,1.23),
    (2,'Gasolina 98',8,90000,1.40),
    (3,'Gasoleo',15,120000,1.12),
    (4,'Gasoleo Agricola',4,70000,0.87);

insert into cliente values 
	(13901961,'Ridoberto','Carlos',210492631,3),
	(13932552,'Xavier','Rodrigues',219077634,6),
	(13932554,'Tomas','Santos',219089734,12),
    (13987552,'Francisco','Souto',216357634,15),
    (13933467,'Joaquim','Santos',214077634,0),
    (13956335,'Artur','Pereira',215701068,10),
    (13991744,'Manuel','Silva',216936560, 13),
    (13985427,'José','Alberto',217445254,5),
    (13938075,'Carlos','Videira',213888840,0),
    (13977814,'José','Sousa',215483252,2),
    (13925331,'António','Anjo',213634685,10),
    (13935665,'Antonio','Costa',219077634,0);

insert into CupaoDesconto values
	(1,25,'2010-09-11','2010-08-11',1,13987552),
	(2,20,'2011-09-11','2011-08-11',1,13932554),
	(3,50,'2013-04-16','2012-12-31',1,13933467),
    (4,35,'2014-01-01','2013-10-11',0,13932552),
    (5,5,'2014-09-11','2014-05-17',1,13987552),
    (6,20,'2014-09-13','2014-08-02',0,13935665),
    (7,45,'2015-09-11','2015-04-07',1,13932552),
    (8,32,'2016-08-10','2015-12-11',1,13932554),
    (9,26,'2016-03-20','2016-01-01',1,13977814),
    (10,12,'2016-08-12','2016-02-22',0,13933467),
    (11,65,'2016-05-07','2016-02-23',1,13985427),
	(12,35,'2016-09-11','2016-08-11',1,13932552),
    (13,40,'2017-01-02','2016-11-11',1,13935665),
	(14,55,'2016-07-20','2016-04-21',1,13977814),
    (15,86,'2017-02-01','2016-05-15',1,13938075),
    (16,100,'2016-05-19','2016-05-19',1,13956335);
    
    
insert into Venda values
	(1,'Manha', 'Alberto Costa', 25.00, 0,'2016-03-20',26.34, 1, 13985427),
    (2,'Manha', 'Alberto Costa', 20.00, 1, '2016-03-20',19.74, 2, 13977814),
    (3,'Tarde', 'Renato Moreira', 30.00, 0, '2016-04-12',32.14, 1, 13956335),
    (4,'Noite', 'Maria dos Santos', 50.00, 1, '2016-04-14', 49.35, 4, 13985427),
    (5,'Noite', 'Maria dos Santos', 10.00, 0, '2016-05-17', 10.76, 3, 13925331),
    (6,'Tarde', 'Renato Moreira', 15.00, 0, '2016-05-18',15.78, 1, 13991744),
    (7,'Noite', 'Maria dos Santos', 20.00, 0, '2016-05-18',21.12, 2, 13935665),
    (8,'Manha', 'Alberto Costa', 35.00, 1, '2016-05-19',34.14, 1, 13938075),
    (9,'Manha', 'Alberto Costa', 10.00, 0, '2016-05-19', 10.96, 1, 13991744),
    (10,'Tarde', 'Renato Moreira', 20.00, 0, '2016-05-19', 20.14, 4, 13901961),
    (11,'Tarde', 'Renato Moreira', 45.00, 0, '2016-05-19', 47.12, 1, 13933467),
	(12,'Tarde', 'Renato Moreira', 47.34, 1, '2016-05-19', 46.34, 1, 13956335),
    (13,'Noite', 'Maria dos Santos', 40.00, 1, '2016-05-19', 39.65, 3, 13932552),
    -- (14,'Noite', 'Maria dos Santos', 10.00, 0, '2016-05-19', 10.54, 2, NULL),
    (15,'Noite', 'Maria dos Santos', 50.00, 0, '2016-05-19', 51.84, 4, 13985427),
    (16,'Manha', 'Alberto Costa', 15.00, 0, '2016-05-22', 15.57, 3, 13925331),
  --  (17,'Manha', 'Alberto Costa', 20.00, 0, '2016-05-22', 20.56, 4, NULL),
   -- (18,'Tarde', 'Renato Moreira', 20.00, 0, '2016-05-22', 20.74, 2, NULL),
    (19,'Tarde', 'Renato Moreira', 25.00, 1, '2016-05-22', 24.45, 2, 13977814);
	-- (20,'Noite', 'Maria dos Santos', 05.00, 0, '2016-05-22', 05.08, 3, NULL);
    
    
   
    